mean,median,standard_deviation

0.5172786326666666,0.459386685,0.17466006241604443

